method,function,dims,max_fes,runs,mean_error,std_error,median_error,iqr_error,best_error,worst_error
IWOA_Strict[full],F12022,2,200,1,30.322741703647694,,30.322741703647694,0.0,30.322741703647694,30.322741703647694
IWOA_Strict[no_restart],F12022,2,200,1,39.68743568959928,,39.68743568959928,0.0,39.68743568959928,39.68743568959928
WOA,F12022,2,200,1,8.322129544282348,,8.322129544282348,0.0,8.322129544282348,8.322129544282348
