method,function,dims,max_fes,runs,mean_error,std_error,median_error,iqr_error,best_error,worst_error
IWOA_Strict[full],F12022,2,200,1,30.322741703647694,,30.322741703647694,0.0,30.322741703647694,30.322741703647694
IWOA_Strict[no_init],F12022,2,200,1,310.5418614838944,,310.5418614838944,0.0,310.5418614838944,310.5418614838944
IWOA_Strict[no_lpsr],F12022,2,200,1,11.613627252492392,,11.613627252492392,0.0,11.613627252492392,11.613627252492392
IWOA_Strict[no_qr],F12022,2,200,1,1811.761570720305,,1811.761570720305,0.0,1811.761570720305,1811.761570720305
IWOA_Strict[r1_c0_nm1],F12022,2,200,1,166.08499527712303,,166.08499527712303,0.0,166.08499527712303,166.08499527712303
WOA,F12022,2,200,1,8.322129544282348,,8.322129544282348,0.0,8.322129544282348,8.322129544282348
WOAPlus[init_qr_crossover],F12022,2,200,1,57.55901836171756,,57.55901836171756,0.0,57.55901836171756,57.55901836171756
